M.F,Admit,Dept
Male,Yes,A
Male,Yes,A
Male,Yes,A
Male,Yes,A
Male,Yes,A
Male,Yes,A
Male,Yes,A
Male,Yes,A
Male,Yes,A
Male,Yes,A
Male,Yes,A
Male,Yes,A
Male,Yes,A
Male,Yes,A
Male,Yes,A
Male,Yes,A
Male,Yes,A
Male,Yes,A
Male,Yes,A
Male,Yes,A
Male,Yes,A
Male,Yes,A
Male,Yes,A
Male,Yes,A
Male,Yes,A
Male,Yes,A
Male,Yes,A
Male,Yes,A
Male,Yes,A
Male,Yes,A
Male,Yes,A
Male,Yes,A
Male,Yes,A
Male,Yes,A
Male,Yes,A
Male,Yes,A
Male,Yes,A
Male,Yes,A
Male,Yes,A
Male,Yes,A
Male,Yes,A
Male,Yes,A
Male,Yes,A
Male,Yes,A
Male,Yes,A
Male,Yes,A
Male,Yes,A
Male,Yes,A
Male,Yes,A
Male,Yes,A
Male,Yes,A
Male,Yes,A
Male,Yes,A
Male,Yes,A
Male,Yes,A
Male,Yes,A
Male,Yes,A
Male,Yes,A
Male,Yes,A
Male,Yes,A
Male,Yes,A
Male,Yes,A
Male,Yes,A
Male,Yes,A
Male,Yes,A
Male,Yes,A
Male,Yes,A
Male,Yes,A
Male,Yes,A
Male,Yes,A
Male,Yes,A
Male,Yes,A
Male,Yes,A
Male,Yes,A
Male,Yes,A
Male,Yes,A
Male,Yes,A
Male,Yes,A
Male,Yes,A
Male,Yes,A
Male,Yes,A
Male,Yes,A
Male,Yes,A
Male,Yes,A
Male,Yes,A
Male,Yes,A
Male,Yes,A
Male,Yes,A
Male,Yes,A
Male,Yes,A
Male,Yes,A
Male,Yes,A
Male,Yes,A
Male,Yes,A
Male,Yes,A
Male,Yes,A
Male,Yes,A
Male,Yes,A
Male,Yes,A
Male,Yes,A
Male,Yes,A
Male,Yes,A
Male,Yes,A
Male,Yes,A
Male,Yes,A
Male,Yes,A
Male,Yes,A
Male,Yes,A
Male,Yes,A
Male,Yes,A
Male,Yes,A
Male,Yes,A
Male,Yes,A
Male,Yes,A
Male,Yes,A
Male,Yes,A
Male,Yes,A
Male,Yes,A
Male,Yes,A
Male,Yes,A
Male,Yes,A
Male,Yes,A
Male,Yes,A
Male,Yes,A
Male,Yes,A
Male,Yes,A
Male,Yes,A
Male,Yes,A
Male,Yes,A
Male,Yes,A
Male,Yes,A
Male,Yes,A
Male,Yes,A
Male,Yes,A
Male,Yes,A
Male,Yes,A
Male,Yes,A
Male,Yes,A
Male,Yes,A
Male,Yes,A
Male,Yes,A
Male,Yes,A
Male,Yes,A
Male,Yes,A
Male,Yes,A
Male,Yes,A
Male,Yes,A
Male,Yes,A
Male,Yes,A
Male,Yes,A
Male,Yes,A
Male,Yes,A
Male,Yes,A
Male,Yes,A
Male,Yes,A
Male,Yes,A
Male,Yes,A
Male,Yes,A
Male,Yes,A
Male,Yes,A
Male,Yes,A
Male,Yes,A
Male,Yes,A
Male,Yes,A
Male,Yes,A
Male,Yes,A
Male,Yes,A
Male,Yes,A
Male,Yes,A
Male,Yes,A
Male,Yes,A
Male,Yes,A
Male,Yes,A
Male,Yes,A
Male,Yes,A
Male,Yes,A
Male,Yes,A
Male,Yes,A
Male,Yes,A
Male,Yes,A
Male,Yes,A
Male,Yes,A
Male,Yes,A
Male,Yes,A
Male,Yes,A
Male,Yes,A
Male,Yes,A
Male,Yes,A
Male,Yes,A
Male,Yes,A
Male,Yes,A
Male,Yes,A
Male,Yes,A
Male,Yes,A
Male,Yes,A
Male,Yes,A
Male,Yes,A
Male,Yes,A
Male,Yes,A
Male,Yes,A
Male,Yes,A
Male,Yes,A
Male,Yes,A
Male,Yes,A
Male,Yes,A
Male,Yes,A
Male,Yes,A
Male,Yes,A
Male,Yes,A
Male,Yes,A
Male,Yes,A
Male,Yes,A
Male,Yes,A
Male,Yes,A
Male,Yes,A
Male,Yes,A
Male,Yes,A
Male,Yes,A
Male,Yes,A
Male,Yes,A
Male,Yes,A
Male,Yes,A
Male,Yes,A
Male,Yes,A
Male,Yes,A
Male,Yes,A
Male,Yes,A
Male,Yes,A
Male,Yes,A
Male,Yes,A
Male,Yes,A
Male,Yes,A
Male,Yes,A
Male,Yes,A
Male,Yes,A
Male,Yes,A
Male,Yes,A
Male,Yes,A
Male,Yes,A
Male,Yes,A
Male,Yes,A
Male,Yes,A
Male,Yes,A
Male,Yes,A
Male,Yes,A
Male,Yes,A
Male,Yes,A
Male,Yes,A
Male,Yes,A
Male,Yes,A
Male,Yes,A
Male,Yes,A
Male,Yes,A
Male,Yes,A
Male,Yes,A
Male,Yes,A
Male,Yes,A
Male,Yes,A
Male,Yes,A
Male,Yes,A
Male,Yes,A
Male,Yes,A
Male,Yes,A
Male,Yes,A
Male,Yes,A
Male,Yes,A
Male,Yes,A
Male,Yes,A
Male,Yes,A
Male,Yes,A
Male,Yes,A
Male,Yes,A
Male,Yes,A
Male,Yes,A
Male,Yes,A
Male,Yes,A
Male,Yes,A
Male,Yes,A
Male,Yes,A
Male,Yes,A
Male,Yes,A
Male,Yes,A
Male,Yes,A
Male,Yes,A
Male,Yes,A
Male,Yes,A
Male,Yes,A
Male,Yes,A
Male,Yes,A
Male,Yes,A
Male,Yes,A
Male,Yes,A
Male,Yes,A
Male,Yes,A
Male,Yes,A
Male,Yes,A
Male,Yes,A
Male,Yes,A
Male,Yes,A
Male,Yes,A
Male,Yes,A
Male,Yes,A
Male,Yes,A
Male,Yes,A
Male,Yes,A
Male,Yes,A
Male,Yes,A
Male,Yes,A
Male,Yes,A
Male,Yes,A
Male,Yes,A
Male,Yes,A
Male,Yes,A
Male,Yes,A
Male,Yes,A
Male,Yes,A
Male,Yes,A
Male,Yes,A
Male,Yes,A
Male,Yes,A
Male,Yes,A
Male,Yes,A
Male,Yes,A
Male,Yes,A
Male,Yes,A
Male,Yes,A
Male,Yes,A
Male,Yes,A
Male,Yes,A
Male,Yes,A
Male,Yes,A
Male,Yes,A
Male,Yes,A
Male,Yes,A
Male,Yes,A
Male,Yes,A
Male,Yes,A
Male,Yes,A
Male,Yes,A
Male,Yes,A
Male,Yes,A
Male,Yes,A
Male,Yes,A
Male,Yes,A
Male,Yes,A
Male,Yes,A
Male,Yes,A
Male,Yes,A
Male,Yes,A
Male,Yes,A
Male,Yes,A
Male,Yes,A
Male,Yes,A
Male,Yes,A
Male,Yes,A
Male,Yes,A
Male,Yes,A
Male,Yes,A
Male,Yes,A
Male,Yes,A
Male,Yes,A
Male,Yes,A
Male,Yes,A
Male,Yes,A
Male,Yes,A
Male,Yes,A
Male,Yes,A
Male,Yes,A
Male,Yes,A
Male,Yes,A
Male,Yes,A
Male,Yes,A
Male,Yes,A
Male,Yes,A
Male,Yes,A
Male,Yes,A
Male,Yes,A
Male,Yes,A
Male,Yes,A
Male,Yes,A
Male,Yes,A
Male,Yes,A
Male,Yes,A
Male,Yes,A
Male,Yes,A
Male,Yes,A
Male,Yes,A
Male,Yes,A
Male,Yes,A
Male,Yes,A
Male,Yes,A
Male,Yes,A
Male,Yes,A
Male,Yes,A
Male,Yes,A
Male,Yes,A
Male,Yes,A
Male,Yes,A
Male,Yes,A
Male,Yes,A
Male,Yes,A
Male,Yes,A
Male,Yes,A
Male,Yes,A
Male,Yes,A
Male,Yes,A
Male,Yes,A
Male,Yes,A
Male,Yes,A
Male,Yes,A
Male,Yes,A
Male,Yes,A
Male,Yes,A
Male,Yes,A
Male,Yes,A
Male,Yes,A
Male,Yes,A
Male,Yes,A
Male,Yes,A
Male,Yes,A
Male,Yes,A
Male,Yes,A
Male,Yes,A
Male,Yes,A
Male,Yes,A
Male,Yes,A
Male,Yes,A
Male,Yes,A
Male,Yes,A
Male,Yes,A
Male,Yes,A
Male,Yes,A
Male,Yes,A
Male,Yes,A
Male,Yes,A
Male,Yes,A
Male,Yes,A
Male,Yes,A
Male,Yes,A
Male,Yes,A
Male,Yes,A
Male,Yes,A
Male,Yes,A
Male,Yes,A
Male,Yes,A
Male,Yes,A
Male,Yes,A
Male,Yes,A
Male,Yes,A
Male,Yes,A
Male,Yes,A
Male,Yes,A
Male,Yes,A
Male,Yes,A
Male,Yes,A
Male,Yes,A
Male,Yes,A
Male,Yes,A
Male,Yes,A
Male,Yes,A
Male,Yes,A
Male,Yes,A
Male,Yes,A
Male,Yes,A
Male,Yes,A
Male,Yes,A
Male,Yes,A
Male,Yes,A
Male,Yes,A
Male,Yes,A
Male,Yes,A
Male,Yes,A
Male,Yes,A
Male,Yes,A
Male,Yes,A
Male,Yes,A
Male,Yes,A
Male,Yes,A
Male,Yes,A
Male,Yes,A
Male,Yes,A
Male,Yes,A
Male,Yes,A
Male,Yes,A
Male,Yes,A
Male,Yes,A
Male,Yes,A
Male,Yes,A
Male,Yes,A
Male,Yes,A
Male,Yes,A
Male,Yes,A
Male,Yes,A
Male,Yes,A
Male,Yes,A
Male,Yes,A
Male,Yes,A
Male,Yes,A
Male,Yes,A
Male,Yes,A
Male,Yes,A
Male,Yes,A
Male,Yes,A
Male,Yes,A
Male,Yes,A
Male,Yes,A
Male,Yes,A
Male,Yes,A
Male,Yes,A
Male,Yes,A
Male,Yes,A
Male,Yes,A
Male,No,A
Male,No,A
Male,No,A
Male,No,A
Male,No,A
Male,No,A
Male,No,A
Male,No,A
Male,No,A
Male,No,A
Male,No,A
Male,No,A
Male,No,A
Male,No,A
Male,No,A
Male,No,A
Male,No,A
Male,No,A
Male,No,A
Male,No,A
Male,No,A
Male,No,A
Male,No,A
Male,No,A
Male,No,A
Male,No,A
Male,No,A
Male,No,A
Male,No,A
Male,No,A
Male,No,A
Male,No,A
Male,No,A
Male,No,A
Male,No,A
Male,No,A
Male,No,A
Male,No,A
Male,No,A
Male,No,A
Male,No,A
Male,No,A
Male,No,A
Male,No,A
Male,No,A
Male,No,A
Male,No,A
Male,No,A
Male,No,A
Male,No,A
Male,No,A
Male,No,A
Male,No,A
Male,No,A
Male,No,A
Male,No,A
Male,No,A
Male,No,A
Male,No,A
Male,No,A
Male,No,A
Male,No,A
Male,No,A
Male,No,A
Male,No,A
Male,No,A
Male,No,A
Male,No,A
Male,No,A
Male,No,A
Male,No,A
Male,No,A
Male,No,A
Male,No,A
Male,No,A
Male,No,A
Male,No,A
Male,No,A
Male,No,A
Male,No,A
Male,No,A
Male,No,A
Male,No,A
Male,No,A
Male,No,A
Male,No,A
Male,No,A
Male,No,A
Male,No,A
Male,No,A
Male,No,A
Male,No,A
Male,No,A
Male,No,A
Male,No,A
Male,No,A
Male,No,A
Male,No,A
Male,No,A
Male,No,A
Male,No,A
Male,No,A
Male,No,A
Male,No,A
Male,No,A
Male,No,A
Male,No,A
Male,No,A
Male,No,A
Male,No,A
Male,No,A
Male,No,A
Male,No,A
Male,No,A
Male,No,A
Male,No,A
Male,No,A
Male,No,A
Male,No,A
Male,No,A
Male,No,A
Male,No,A
Male,No,A
Male,No,A
Male,No,A
Male,No,A
Male,No,A
Male,No,A
Male,No,A
Male,No,A
Male,No,A
Male,No,A
Male,No,A
Male,No,A
Male,No,A
Male,No,A
Male,No,A
Male,No,A
Male,No,A
Male,No,A
Male,No,A
Male,No,A
Male,No,A
Male,No,A
Male,No,A
Male,No,A
Male,No,A
Male,No,A
Male,No,A
Male,No,A
Male,No,A
Male,No,A
Male,No,A
Male,No,A
Male,No,A
Male,No,A
Male,No,A
Male,No,A
Male,No,A
Male,No,A
Male,No,A
Male,No,A
Male,No,A
Male,No,A
Male,No,A
Male,No,A
Male,No,A
Male,No,A
Male,No,A
Male,No,A
Male,No,A
Male,No,A
Male,No,A
Male,No,A
Male,No,A
Male,No,A
Male,No,A
Male,No,A
Male,No,A
Male,No,A
Male,No,A
Male,No,A
Male,No,A
Male,No,A
Male,No,A
Male,No,A
Male,No,A
Male,No,A
Male,No,A
Male,No,A
Male,No,A
Male,No,A
Male,No,A
Male,No,A
Male,No,A
Male,No,A
Male,No,A
Male,No,A
Male,No,A
Male,No,A
Male,No,A
Male,No,A
Male,No,A
Male,No,A
Male,No,A
Male,No,A
Male,No,A
Male,No,A
Male,No,A
Male,No,A
Male,No,A
Male,No,A
Male,No,A
Male,No,A
Male,No,A
Male,No,A
Male,No,A
Male,No,A
Male,No,A
Male,No,A
Male,No,A
Male,No,A
Male,No,A
Male,No,A
Male,No,A
Male,No,A
Male,No,A
Male,No,A
Male,No,A
Male,No,A
Male,No,A
Male,No,A
Male,No,A
Male,No,A
Male,No,A
Male,No,A
Male,No,A
Male,No,A
Male,No,A
Male,No,A
Male,No,A
Male,No,A
Male,No,A
Male,No,A
Male,No,A
Male,No,A
Male,No,A
Male,No,A
Male,No,A
Male,No,A
Male,No,A
Male,No,A
Male,No,A
Male,No,A
Male,No,A
Male,No,A
Male,No,A
Male,No,A
Male,No,A
Male,No,A
Male,No,A
Male,No,A
Male,No,A
Male,No,A
Male,No,A
Male,No,A
Male,No,A
Male,No,A
Male,No,A
Male,No,A
Male,No,A
Male,No,A
Male,No,A
Male,No,A
Male,No,A
Male,No,A
Male,No,A
Male,No,A
Male,No,A
Male,No,A
Male,No,A
Male,No,A
Male,No,A
Male,No,A
Male,No,A
Male,No,A
Male,No,A
Male,No,A
Male,No,A
Male,No,A
Male,No,A
Male,No,A
Male,No,A
Male,No,A
Male,No,A
Male,No,A
Male,No,A
Male,No,A
Male,No,A
Male,No,A
Male,No,A
Male,No,A
Male,No,A
Male,No,A
Male,No,A
Male,No,A
Male,No,A
Male,No,A
Male,No,A
Male,No,A
Male,No,A
Male,No,A
Male,No,A
Male,Yes,B
Male,Yes,B
Male,Yes,B
Male,Yes,B
Male,Yes,B
Male,Yes,B
Male,Yes,B
Male,Yes,B
Male,Yes,B
Male,Yes,B
Male,Yes,B
Male,Yes,B
Male,Yes,B
Male,Yes,B
Male,Yes,B
Male,Yes,B
Male,Yes,B
Male,Yes,B
Male,Yes,B
Male,Yes,B
Male,Yes,B
Male,Yes,B
Male,Yes,B
Male,Yes,B
Male,Yes,B
Male,Yes,B
Male,Yes,B
Male,Yes,B
Male,Yes,B
Male,Yes,B
Male,Yes,B
Male,Yes,B
Male,Yes,B
Male,Yes,B
Male,Yes,B
Male,Yes,B
Male,Yes,B
Male,Yes,B
Male,Yes,B
Male,Yes,B
Male,Yes,B
Male,Yes,B
Male,Yes,B
Male,Yes,B
Male,Yes,B
Male,Yes,B
Male,Yes,B
Male,Yes,B
Male,Yes,B
Male,Yes,B
Male,Yes,B
Male,Yes,B
Male,Yes,B
Male,Yes,B
Male,Yes,B
Male,Yes,B
Male,Yes,B
Male,Yes,B
Male,Yes,B
Male,Yes,B
Male,Yes,B
Male,Yes,B
Male,Yes,B
Male,Yes,B
Male,Yes,B
Male,Yes,B
Male,Yes,B
Male,Yes,B
Male,Yes,B
Male,Yes,B
Male,Yes,B
Male,Yes,B
Male,Yes,B
Male,Yes,B
Male,Yes,B
Male,Yes,B
Male,Yes,B
Male,Yes,B
Male,Yes,B
Male,Yes,B
Male,Yes,B
Male,Yes,B
Male,Yes,B
Male,Yes,B
Male,Yes,B
Male,Yes,B
Male,Yes,B
Male,Yes,B
Male,Yes,B
Male,Yes,B
Male,Yes,B
Male,Yes,B
Male,Yes,B
Male,Yes,B
Male,Yes,B
Male,Yes,B
Male,Yes,B
Male,Yes,B
Male,Yes,B
Male,Yes,B
Male,Yes,B
Male,Yes,B
Male,Yes,B
Male,Yes,B
Male,Yes,B
Male,Yes,B
Male,Yes,B
Male,Yes,B
Male,Yes,B
Male,Yes,B
Male,Yes,B
Male,Yes,B
Male,Yes,B
Male,Yes,B
Male,Yes,B
Male,Yes,B
Male,Yes,B
Male,Yes,B
Male,Yes,B
Male,Yes,B
Male,Yes,B
Male,Yes,B
Male,Yes,B
Male,Yes,B
Male,Yes,B
Male,Yes,B
Male,Yes,B
Male,Yes,B
Male,Yes,B
Male,Yes,B
Male,Yes,B
Male,Yes,B
Male,Yes,B
Male,Yes,B
Male,Yes,B
Male,Yes,B
Male,Yes,B
Male,Yes,B
Male,Yes,B
Male,Yes,B
Male,Yes,B
Male,Yes,B
Male,Yes,B
Male,Yes,B
Male,Yes,B
Male,Yes,B
Male,Yes,B
Male,Yes,B
Male,Yes,B
Male,Yes,B
Male,Yes,B
Male,Yes,B
Male,Yes,B
Male,Yes,B
Male,Yes,B
Male,Yes,B
Male,Yes,B
Male,Yes,B
Male,Yes,B
Male,Yes,B
Male,Yes,B
Male,Yes,B
Male,Yes,B
Male,Yes,B
Male,Yes,B
Male,Yes,B
Male,Yes,B
Male,Yes,B
Male,Yes,B
Male,Yes,B
Male,Yes,B
Male,Yes,B
Male,Yes,B
Male,Yes,B
Male,Yes,B
Male,Yes,B
Male,Yes,B
Male,Yes,B
Male,Yes,B
Male,Yes,B
Male,Yes,B
Male,Yes,B
Male,Yes,B
Male,Yes,B
Male,Yes,B
Male,Yes,B
Male,Yes,B
Male,Yes,B
Male,Yes,B
Male,Yes,B
Male,Yes,B
Male,Yes,B
Male,Yes,B
Male,Yes,B
Male,Yes,B
Male,Yes,B
Male,Yes,B
Male,Yes,B
Male,Yes,B
Male,Yes,B
Male,Yes,B
Male,Yes,B
Male,Yes,B
Male,Yes,B
Male,Yes,B
Male,Yes,B
Male,Yes,B
Male,Yes,B
Male,Yes,B
Male,Yes,B
Male,Yes,B
Male,Yes,B
Male,Yes,B
Male,Yes,B
Male,Yes,B
Male,Yes,B
Male,Yes,B
Male,Yes,B
Male,Yes,B
Male,Yes,B
Male,Yes,B
Male,Yes,B
Male,Yes,B
Male,Yes,B
Male,Yes,B
Male,Yes,B
Male,Yes,B
Male,Yes,B
Male,Yes,B
Male,Yes,B
Male,Yes,B
Male,Yes,B
Male,Yes,B
Male,Yes,B
Male,Yes,B
Male,Yes,B
Male,Yes,B
Male,Yes,B
Male,Yes,B
Male,Yes,B
Male,Yes,B
Male,Yes,B
Male,Yes,B
Male,Yes,B
Male,Yes,B
Male,Yes,B
Male,Yes,B
Male,Yes,B
Male,Yes,B
Male,Yes,B
Male,Yes,B
Male,Yes,B
Male,Yes,B
Male,Yes,B
Male,Yes,B
Male,Yes,B
Male,Yes,B
Male,Yes,B
Male,Yes,B
Male,Yes,B
Male,Yes,B
Male,Yes,B
Male,Yes,B
Male,Yes,B
Male,Yes,B
Male,Yes,B
Male,Yes,B
Male,Yes,B
Male,Yes,B
Male,Yes,B
Male,Yes,B
Male,Yes,B
Male,Yes,B
Male,Yes,B
Male,Yes,B
Male,Yes,B
Male,Yes,B
Male,Yes,B
Male,Yes,B
Male,Yes,B
Male,Yes,B
Male,Yes,B
Male,Yes,B
Male,Yes,B
Male,Yes,B
Male,Yes,B
Male,Yes,B
Male,Yes,B
Male,Yes,B
Male,Yes,B
Male,Yes,B
Male,Yes,B
Male,Yes,B
Male,Yes,B
Male,Yes,B
Male,Yes,B
Male,Yes,B
Male,Yes,B
Male,Yes,B
Male,Yes,B
Male,Yes,B
Male,Yes,B
Male,Yes,B
Male,Yes,B
Male,Yes,B
Male,Yes,B
Male,Yes,B
Male,Yes,B
Male,Yes,B
Male,Yes,B
Male,Yes,B
Male,Yes,B
Male,Yes,B
Male,Yes,B
Male,Yes,B
Male,Yes,B
Male,Yes,B
Male,Yes,B
Male,Yes,B
Male,Yes,B
Male,Yes,B
Male,Yes,B
Male,Yes,B
Male,Yes,B
Male,Yes,B
Male,Yes,B
Male,Yes,B
Male,Yes,B
Male,Yes,B
Male,Yes,B
Male,Yes,B
Male,Yes,B
Male,Yes,B
Male,Yes,B
Male,Yes,B
Male,Yes,B
Male,Yes,B
Male,Yes,B
Male,Yes,B
Male,Yes,B
Male,Yes,B
Male,Yes,B
Male,Yes,B
Male,Yes,B
Male,Yes,B
Male,Yes,B
Male,Yes,B
Male,Yes,B
Male,Yes,B
Male,Yes,B
Male,Yes,B
Male,Yes,B
Male,Yes,B
Male,No,B
Male,No,B
Male,No,B
Male,No,B
Male,No,B
Male,No,B
Male,No,B
Male,No,B
Male,No,B
Male,No,B
Male,No,B
Male,No,B
Male,No,B
Male,No,B
Male,No,B
Male,No,B
Male,No,B
Male,No,B
Male,No,B
Male,No,B
Male,No,B
Male,No,B
Male,No,B
Male,No,B
Male,No,B
Male,No,B
Male,No,B
Male,No,B
Male,No,B
Male,No,B
Male,No,B
Male,No,B
Male,No,B
Male,No,B
Male,No,B
Male,No,B
Male,No,B
Male,No,B
Male,No,B
Male,No,B
Male,No,B
Male,No,B
Male,No,B
Male,No,B
Male,No,B
Male,No,B
Male,No,B
Male,No,B
Male,No,B
Male,No,B
Male,No,B
Male,No,B
Male,No,B
Male,No,B
Male,No,B
Male,No,B
Male,No,B
Male,No,B
Male,No,B
Male,No,B
Male,No,B
Male,No,B
Male,No,B
Male,No,B
Male,No,B
Male,No,B
Male,No,B
Male,No,B
Male,No,B
Male,No,B
Male,No,B
Male,No,B
Male,No,B
Male,No,B
Male,No,B
Male,No,B
Male,No,B
Male,No,B
Male,No,B
Male,No,B
Male,No,B
Male,No,B
Male,No,B
Male,No,B
Male,No,B
Male,No,B
Male,No,B
Male,No,B
Male,No,B
Male,No,B
Male,No,B
Male,No,B
Male,No,B
Male,No,B
Male,No,B
Male,No,B
Male,No,B
Male,No,B
Male,No,B
Male,No,B
Male,No,B
Male,No,B
Male,No,B
Male,No,B
Male,No,B
Male,No,B
Male,No,B
Male,No,B
Male,No,B
Male,No,B
Male,No,B
Male,No,B
Male,No,B
Male,No,B
Male,No,B
Male,No,B
Male,No,B
Male,No,B
Male,No,B
Male,No,B
Male,No,B
Male,No,B
Male,No,B
Male,No,B
Male,No,B
Male,No,B
Male,No,B
Male,No,B
Male,No,B
Male,No,B
Male,No,B
Male,No,B
Male,No,B
Male,No,B
Male,No,B
Male,No,B
Male,No,B
Male,No,B
Male,No,B
Male,No,B
Male,No,B
Male,No,B
Male,No,B
Male,No,B
Male,No,B
Male,No,B
Male,No,B
Male,No,B
Male,No,B
Male,No,B
Male,No,B
Male,No,B
Male,No,B
Male,No,B
Male,No,B
Male,No,B
Male,No,B
Male,No,B
Male,No,B
Male,No,B
Male,No,B
Male,No,B
Male,No,B
Male,No,B
Male,No,B
Male,No,B
Male,No,B
Male,No,B
Male,No,B
Male,No,B
Male,No,B
Male,No,B
Male,No,B
Male,No,B
Male,No,B
Male,No,B
Male,No,B
Male,No,B
Male,No,B
Male,No,B
Male,No,B
Male,No,B
Male,No,B
Male,No,B
Male,No,B
Male,No,B
Male,No,B
Male,No,B
Male,No,B
Male,No,B
Male,No,B
Male,No,B
Male,No,B
Male,No,B
Male,No,B
Male,No,B
Male,No,B
Male,No,B
Male,No,B
Male,No,B
Male,No,B
Male,No,B
Male,No,B
Male,No,B
Male,No,B
Male,No,B
Male,No,B
Male,Yes,C
Male,Yes,C
Male,Yes,C
Male,Yes,C
Male,Yes,C
Male,Yes,C
Male,Yes,C
Male,Yes,C
Male,Yes,C
Male,Yes,C
Male,Yes,C
Male,Yes,C
Male,Yes,C
Male,Yes,C
Male,Yes,C
Male,Yes,C
Male,Yes,C
Male,Yes,C
Male,Yes,C
Male,Yes,C
Male,Yes,C
Male,Yes,C
Male,Yes,C
Male,Yes,C
Male,Yes,C
Male,Yes,C
Male,Yes,C
Male,Yes,C
Male,Yes,C
Male,Yes,C
Male,Yes,C
Male,Yes,C
Male,Yes,C
Male,Yes,C
Male,Yes,C
Male,Yes,C
Male,Yes,C
Male,Yes,C
Male,Yes,C
Male,Yes,C
Male,Yes,C
Male,Yes,C
Male,Yes,C
Male,Yes,C
Male,Yes,C
Male,Yes,C
Male,Yes,C
Male,Yes,C
Male,Yes,C
Male,Yes,C
Male,Yes,C
Male,Yes,C
Male,Yes,C
Male,Yes,C
Male,Yes,C
Male,Yes,C
Male,Yes,C
Male,Yes,C
Male,Yes,C
Male,Yes,C
Male,Yes,C
Male,Yes,C
Male,Yes,C
Male,Yes,C
Male,Yes,C
Male,Yes,C
Male,Yes,C
Male,Yes,C
Male,Yes,C
Male,Yes,C
Male,Yes,C
Male,Yes,C
Male,Yes,C
Male,Yes,C
Male,Yes,C
Male,Yes,C
Male,Yes,C
Male,Yes,C
Male,Yes,C
Male,Yes,C
Male,Yes,C
Male,Yes,C
Male,Yes,C
Male,Yes,C
Male,Yes,C
Male,Yes,C
Male,Yes,C
Male,Yes,C
Male,Yes,C
Male,Yes,C
Male,Yes,C
Male,Yes,C
Male,Yes,C
Male,Yes,C
Male,Yes,C
Male,Yes,C
Male,Yes,C
Male,Yes,C
Male,Yes,C
Male,Yes,C
Male,Yes,C
Male,Yes,C
Male,Yes,C
Male,Yes,C
Male,Yes,C
Male,Yes,C
Male,Yes,C
Male,Yes,C
Male,Yes,C
Male,Yes,C
Male,Yes,C
Male,Yes,C
Male,Yes,C
Male,Yes,C
Male,Yes,C
Male,Yes,C
Male,Yes,C
Male,Yes,C
Male,Yes,C
Male,Yes,C
Male,No,C
Male,No,C
Male,No,C
Male,No,C
Male,No,C
Male,No,C
Male,No,C
Male,No,C
Male,No,C
Male,No,C
Male,No,C
Male,No,C
Male,No,C
Male,No,C
Male,No,C
Male,No,C
Male,No,C
Male,No,C
Male,No,C
Male,No,C
Male,No,C
Male,No,C
Male,No,C
Male,No,C
Male,No,C
Male,No,C
Male,No,C
Male,No,C
Male,No,C
Male,No,C
Male,No,C
Male,No,C
Male,No,C
Male,No,C
Male,No,C
Male,No,C
Male,No,C
Male,No,C
Male,No,C
Male,No,C
Male,No,C
Male,No,C
Male,No,C
Male,No,C
Male,No,C
Male,No,C
Male,No,C
Male,No,C
Male,No,C
Male,No,C
Male,No,C
Male,No,C
Male,No,C
Male,No,C
Male,No,C
Male,No,C
Male,No,C
Male,No,C
Male,No,C
Male,No,C
Male,No,C
Male,No,C
Male,No,C
Male,No,C
Male,No,C
Male,No,C
Male,No,C
Male,No,C
Male,No,C
Male,No,C
Male,No,C
Male,No,C
Male,No,C
Male,No,C
Male,No,C
Male,No,C
Male,No,C
Male,No,C
Male,No,C
Male,No,C
Male,No,C
Male,No,C
Male,No,C
Male,No,C
Male,No,C
Male,No,C
Male,No,C
Male,No,C
Male,No,C
Male,No,C
Male,No,C
Male,No,C
Male,No,C
Male,No,C
Male,No,C
Male,No,C
Male,No,C
Male,No,C
Male,No,C
Male,No,C
Male,No,C
Male,No,C
Male,No,C
Male,No,C
Male,No,C
Male,No,C
Male,No,C
Male,No,C
Male,No,C
Male,No,C
Male,No,C
Male,No,C
Male,No,C
Male,No,C
Male,No,C
Male,No,C
Male,No,C
Male,No,C
Male,No,C
Male,No,C
Male,No,C
Male,No,C
Male,No,C
Male,No,C
Male,No,C
Male,No,C
Male,No,C
Male,No,C
Male,No,C
Male,No,C
Male,No,C
Male,No,C
Male,No,C
Male,No,C
Male,No,C
Male,No,C
Male,No,C
Male,No,C
Male,No,C
Male,No,C
Male,No,C
Male,No,C
Male,No,C
Male,No,C
Male,No,C
Male,No,C
Male,No,C
Male,No,C
Male,No,C
Male,No,C
Male,No,C
Male,No,C
Male,No,C
Male,No,C
Male,No,C
Male,No,C
Male,No,C
Male,No,C
Male,No,C
Male,No,C
Male,No,C
Male,No,C
Male,No,C
Male,No,C
Male,No,C
Male,No,C
Male,No,C
Male,No,C
Male,No,C
Male,No,C
Male,No,C
Male,No,C
Male,No,C
Male,No,C
Male,No,C
Male,No,C
Male,No,C
Male,No,C
Male,No,C
Male,No,C
Male,No,C
Male,No,C
Male,No,C
Male,No,C
Male,No,C
Male,No,C
Male,No,C
Male,No,C
Male,No,C
Male,No,C
Male,No,C
Male,No,C
Male,No,C
Male,No,C
Male,No,C
Male,No,C
Male,No,C
Male,No,C
Male,No,C
Male,No,C
Male,No,C
Male,No,C
Male,No,C
Male,No,C
Male,No,C
Male,Yes,D
Male,Yes,D
Male,Yes,D
Male,Yes,D
Male,Yes,D
Male,Yes,D
Male,Yes,D
Male,Yes,D
Male,Yes,D
Male,Yes,D
Male,Yes,D
Male,Yes,D
Male,Yes,D
Male,Yes,D
Male,Yes,D
Male,Yes,D
Male,Yes,D
Male,Yes,D
Male,Yes,D
Male,Yes,D
Male,Yes,D
Male,Yes,D
Male,Yes,D
Male,Yes,D
Male,Yes,D
Male,Yes,D
Male,Yes,D
Male,Yes,D
Male,Yes,D
Male,Yes,D
Male,Yes,D
Male,Yes,D
Male,Yes,D
Male,Yes,D
Male,Yes,D
Male,Yes,D
Male,Yes,D
Male,Yes,D
Male,Yes,D
Male,Yes,D
Male,Yes,D
Male,Yes,D
Male,Yes,D
Male,Yes,D
Male,Yes,D
Male,Yes,D
Male,Yes,D
Male,Yes,D
Male,Yes,D
Male,Yes,D
Male,Yes,D
Male,Yes,D
Male,Yes,D
Male,Yes,D
Male,Yes,D
Male,Yes,D
Male,Yes,D
Male,Yes,D
Male,Yes,D
Male,Yes,D
Male,Yes,D
Male,Yes,D
Male,Yes,D
Male,Yes,D
Male,Yes,D
Male,Yes,D
Male,Yes,D
Male,Yes,D
Male,Yes,D
Male,Yes,D
Male,Yes,D
Male,Yes,D
Male,Yes,D
Male,Yes,D
Male,Yes,D
Male,Yes,D
Male,Yes,D
Male,Yes,D
Male,Yes,D
Male,Yes,D
Male,Yes,D
Male,Yes,D
Male,Yes,D
Male,Yes,D
Male,Yes,D
Male,Yes,D
Male,Yes,D
Male,Yes,D
Male,Yes,D
Male,Yes,D
Male,Yes,D
Male,Yes,D
Male,Yes,D
Male,Yes,D
Male,Yes,D
Male,Yes,D
Male,Yes,D
Male,Yes,D
Male,Yes,D
Male,Yes,D
Male,Yes,D
Male,Yes,D
Male,Yes,D
Male,Yes,D
Male,Yes,D
Male,Yes,D
Male,Yes,D
Male,Yes,D
Male,Yes,D
Male,Yes,D
Male,Yes,D
Male,Yes,D
Male,Yes,D
Male,Yes,D
Male,Yes,D
Male,Yes,D
Male,Yes,D
Male,Yes,D
Male,Yes,D
Male,Yes,D
Male,Yes,D
Male,Yes,D
Male,Yes,D
Male,Yes,D
Male,Yes,D
Male,Yes,D
Male,Yes,D
Male,Yes,D
Male,Yes,D
Male,Yes,D
Male,Yes,D
Male,Yes,D
Male,Yes,D
Male,Yes,D
Male,Yes,D
Male,Yes,D
Male,Yes,D
Male,Yes,D
Male,No,D
Male,No,D
Male,No,D
Male,No,D
Male,No,D
Male,No,D
Male,No,D
Male,No,D
Male,No,D
Male,No,D
Male,No,D
Male,No,D
Male,No,D
Male,No,D
Male,No,D
Male,No,D
Male,No,D
Male,No,D
Male,No,D
Male,No,D
Male,No,D
Male,No,D
Male,No,D
Male,No,D
Male,No,D
Male,No,D
Male,No,D
Male,No,D
Male,No,D
Male,No,D
Male,No,D
Male,No,D
Male,No,D
Male,No,D
Male,No,D
Male,No,D
Male,No,D
Male,No,D
Male,No,D
Male,No,D
Male,No,D
Male,No,D
Male,No,D
Male,No,D
Male,No,D
Male,No,D
Male,No,D
Male,No,D
Male,No,D
Male,No,D
Male,No,D
Male,No,D
Male,No,D
Male,No,D
Male,No,D
Male,No,D
Male,No,D
Male,No,D
Male,No,D
Male,No,D
Male,No,D
Male,No,D
Male,No,D
Male,No,D
Male,No,D
Male,No,D
Male,No,D
Male,No,D
Male,No,D
Male,No,D
Male,No,D
Male,No,D
Male,No,D
Male,No,D
Male,No,D
Male,No,D
Male,No,D
Male,No,D
Male,No,D
Male,No,D
Male,No,D
Male,No,D
Male,No,D
Male,No,D
Male,No,D
Male,No,D
Male,No,D
Male,No,D
Male,No,D
Male,No,D
Male,No,D
Male,No,D
Male,No,D
Male,No,D
Male,No,D
Male,No,D
Male,No,D
Male,No,D
Male,No,D
Male,No,D
Male,No,D
Male,No,D
Male,No,D
Male,No,D
Male,No,D
Male,No,D
Male,No,D
Male,No,D
Male,No,D
Male,No,D
Male,No,D
Male,No,D
Male,No,D
Male,No,D
Male,No,D
Male,No,D
Male,No,D
Male,No,D
Male,No,D
Male,No,D
Male,No,D
Male,No,D
Male,No,D
Male,No,D
Male,No,D
Male,No,D
Male,No,D
Male,No,D
Male,No,D
Male,No,D
Male,No,D
Male,No,D
Male,No,D
Male,No,D
Male,No,D
Male,No,D
Male,No,D
Male,No,D
Male,No,D
Male,No,D
Male,No,D
Male,No,D
Male,No,D
Male,No,D
Male,No,D
Male,No,D
Male,No,D
Male,No,D
Male,No,D
Male,No,D
Male,No,D
Male,No,D
Male,No,D
Male,No,D
Male,No,D
Male,No,D
Male,No,D
Male,No,D
Male,No,D
Male,No,D
Male,No,D
Male,No,D
Male,No,D
Male,No,D
Male,No,D
Male,No,D
Male,No,D
Male,No,D
Male,No,D
Male,No,D
Male,No,D
Male,No,D
Male,No,D
Male,No,D
Male,No,D
Male,No,D
Male,No,D
Male,No,D
Male,No,D
Male,No,D
Male,No,D
Male,No,D
Male,No,D
Male,No,D
Male,No,D
Male,No,D
Male,No,D
Male,No,D
Male,No,D
Male,No,D
Male,No,D
Male,No,D
Male,No,D
Male,No,D
Male,No,D
Male,No,D
Male,No,D
Male,No,D
Male,No,D
Male,No,D
Male,No,D
Male,No,D
Male,No,D
Male,No,D
Male,No,D
Male,No,D
Male,No,D
Male,No,D
Male,No,D
Male,No,D
Male,No,D
Male,No,D
Male,No,D
Male,No,D
Male,No,D
Male,No,D
Male,No,D
Male,No,D
Male,No,D
Male,No,D
Male,No,D
Male,No,D
Male,No,D
Male,No,D
Male,No,D
Male,No,D
Male,No,D
Male,No,D
Male,No,D
Male,No,D
Male,No,D
Male,No,D
Male,No,D
Male,No,D
Male,No,D
Male,No,D
Male,No,D
Male,No,D
Male,No,D
Male,No,D
Male,No,D
Male,No,D
Male,No,D
Male,No,D
Male,No,D
Male,No,D
Male,No,D
Male,No,D
Male,No,D
Male,No,D
Male,No,D
Male,No,D
Male,No,D
Male,No,D
Male,No,D
Male,No,D
Male,No,D
Male,No,D
Male,No,D
Male,No,D
Male,No,D
Male,No,D
Male,No,D
Male,No,D
Male,No,D
Male,No,D
Male,No,D
Male,No,D
Male,No,D
Male,No,D
Male,No,D
Male,No,D
Male,No,D
Male,No,D
Male,No,D
Male,No,D
Male,No,D
Male,No,D
Male,No,D
Male,Yes,E
Male,Yes,E
Male,Yes,E
Male,Yes,E
Male,Yes,E
Male,Yes,E
Male,Yes,E
Male,Yes,E
Male,Yes,E
Male,Yes,E
Male,Yes,E
Male,Yes,E
Male,Yes,E
Male,Yes,E
Male,Yes,E
Male,Yes,E
Male,Yes,E
Male,Yes,E
Male,Yes,E
Male,Yes,E
Male,Yes,E
Male,Yes,E
Male,Yes,E
Male,Yes,E
Male,Yes,E
Male,Yes,E
Male,Yes,E
Male,Yes,E
Male,Yes,E
Male,Yes,E
Male,Yes,E
Male,Yes,E
Male,Yes,E
Male,Yes,E
Male,Yes,E
Male,Yes,E
Male,Yes,E
Male,Yes,E
Male,Yes,E
Male,Yes,E
Male,Yes,E
Male,Yes,E
Male,Yes,E
Male,Yes,E
Male,Yes,E
Male,Yes,E
Male,Yes,E
Male,Yes,E
Male,Yes,E
Male,Yes,E
Male,Yes,E
Male,Yes,E
Male,Yes,E
Male,No,E
Male,No,E
Male,No,E
Male,No,E
Male,No,E
Male,No,E
Male,No,E
Male,No,E
Male,No,E
Male,No,E
Male,No,E
Male,No,E
Male,No,E
Male,No,E
Male,No,E
Male,No,E
Male,No,E
Male,No,E
Male,No,E
Male,No,E
Male,No,E
Male,No,E
Male,No,E
Male,No,E
Male,No,E
Male,No,E
Male,No,E
Male,No,E
Male,No,E
Male,No,E
Male,No,E
Male,No,E
Male,No,E
Male,No,E
Male,No,E
Male,No,E
Male,No,E
Male,No,E
Male,No,E
Male,No,E
Male,No,E
Male,No,E
Male,No,E
Male,No,E
Male,No,E
Male,No,E
Male,No,E
Male,No,E
Male,No,E
Male,No,E
Male,No,E
Male,No,E
Male,No,E
Male,No,E
Male,No,E
Male,No,E
Male,No,E
Male,No,E
Male,No,E
Male,No,E
Male,No,E
Male,No,E
Male,No,E
Male,No,E
Male,No,E
Male,No,E
Male,No,E
Male,No,E
Male,No,E
Male,No,E
Male,No,E
Male,No,E
Male,No,E
Male,No,E
Male,No,E
Male,No,E
Male,No,E
Male,No,E
Male,No,E
Male,No,E
Male,No,E
Male,No,E
Male,No,E
Male,No,E
Male,No,E
Male,No,E
Male,No,E
Male,No,E
Male,No,E
Male,No,E
Male,No,E
Male,No,E
Male,No,E
Male,No,E
Male,No,E
Male,No,E
Male,No,E
Male,No,E
Male,No,E
Male,No,E
Male,No,E
Male,No,E
Male,No,E
Male,No,E
Male,No,E
Male,No,E
Male,No,E
Male,No,E
Male,No,E
Male,No,E
Male,No,E
Male,No,E
Male,No,E
Male,No,E
Male,No,E
Male,No,E
Male,No,E
Male,No,E
Male,No,E
Male,No,E
Male,No,E
Male,No,E
Male,No,E
Male,No,E
Male,No,E
Male,No,E
Male,No,E
Male,No,E
Male,No,E
Male,No,E
Male,No,E
Male,No,E
Male,No,E
Male,No,E
Male,No,E
Male,No,E
Male,No,E
Male,No,E
Male,Yes,F
Male,Yes,F
Male,Yes,F
Male,Yes,F
Male,Yes,F
Male,Yes,F
Male,Yes,F
Male,Yes,F
Male,Yes,F
Male,Yes,F
Male,Yes,F
Male,Yes,F
Male,Yes,F
Male,Yes,F
Male,Yes,F
Male,Yes,F
Male,Yes,F
Male,Yes,F
Male,Yes,F
Male,Yes,F
Male,Yes,F
Male,Yes,F
Male,No,F
Male,No,F
Male,No,F
Male,No,F
Male,No,F
Male,No,F
Male,No,F
Male,No,F
Male,No,F
Male,No,F
Male,No,F
Male,No,F
Male,No,F
Male,No,F
Male,No,F
Male,No,F
Male,No,F
Male,No,F
Male,No,F
Male,No,F
Male,No,F
Male,No,F
Male,No,F
Male,No,F
Male,No,F
Male,No,F
Male,No,F
Male,No,F
Male,No,F
Male,No,F
Male,No,F
Male,No,F
Male,No,F
Male,No,F
Male,No,F
Male,No,F
Male,No,F
Male,No,F
Male,No,F
Male,No,F
Male,No,F
Male,No,F
Male,No,F
Male,No,F
Male,No,F
Male,No,F
Male,No,F
Male,No,F
Male,No,F
Male,No,F
Male,No,F
Male,No,F
Male,No,F
Male,No,F
Male,No,F
Male,No,F
Male,No,F
Male,No,F
Male,No,F
Male,No,F
Male,No,F
Male,No,F
Male,No,F
Male,No,F
Male,No,F
Male,No,F
Male,No,F
Male,No,F
Male,No,F
Male,No,F
Male,No,F
Male,No,F
Male,No,F
Male,No,F
Male,No,F
Male,No,F
Male,No,F
Male,No,F
Male,No,F
Male,No,F
Male,No,F
Male,No,F
Male,No,F
Male,No,F
Male,No,F
Male,No,F
Male,No,F
Male,No,F
Male,No,F
Male,No,F
Male,No,F
Male,No,F
Male,No,F
Male,No,F
Male,No,F
Male,No,F
Male,No,F
Male,No,F
Male,No,F
Male,No,F
Male,No,F
Male,No,F
Male,No,F
Male,No,F
Male,No,F
Male,No,F
Male,No,F
Male,No,F
Male,No,F
Male,No,F
Male,No,F
Male,No,F
Male,No,F
Male,No,F
Male,No,F
Male,No,F
Male,No,F
Male,No,F
Male,No,F
Male,No,F
Male,No,F
Male,No,F
Male,No,F
Male,No,F
Male,No,F
Male,No,F
Male,No,F
Male,No,F
Male,No,F
Male,No,F
Male,No,F
Male,No,F
Male,No,F
Male,No,F
Male,No,F
Male,No,F
Male,No,F
Male,No,F
Male,No,F
Male,No,F
Male,No,F
Male,No,F
Male,No,F
Male,No,F
Male,No,F
Male,No,F
Male,No,F
Male,No,F
Male,No,F
Male,No,F
Male,No,F
Male,No,F
Male,No,F
Male,No,F
Male,No,F
Male,No,F
Male,No,F
Male,No,F
Male,No,F
Male,No,F
Male,No,F
Male,No,F
Male,No,F
Male,No,F
Male,No,F
Male,No,F
Male,No,F
Male,No,F
Male,No,F
Male,No,F
Male,No,F
Male,No,F
Male,No,F
Male,No,F
Male,No,F
Male,No,F
Male,No,F
Male,No,F
Male,No,F
Male,No,F
Male,No,F
Male,No,F
Male,No,F
Male,No,F
Male,No,F
Male,No,F
Male,No,F
Male,No,F
Male,No,F
Male,No,F
Male,No,F
Male,No,F
Male,No,F
Male,No,F
Male,No,F
Male,No,F
Male,No,F
Male,No,F
Male,No,F
Male,No,F
Male,No,F
Male,No,F
Male,No,F
Male,No,F
Male,No,F
Male,No,F
Male,No,F
Male,No,F
Male,No,F
Male,No,F
Male,No,F
Male,No,F
Male,No,F
Male,No,F
Male,No,F
Male,No,F
Male,No,F
Male,No,F
Male,No,F
Male,No,F
Male,No,F
Male,No,F
Male,No,F
Male,No,F
Male,No,F
Male,No,F
Male,No,F
Male,No,F
Male,No,F
Male,No,F
Male,No,F
Male,No,F
Male,No,F
Male,No,F
Male,No,F
Male,No,F
Male,No,F
Male,No,F
Male,No,F
Male,No,F
Male,No,F
Male,No,F
Male,No,F
Male,No,F
Male,No,F
Male,No,F
Male,No,F
Male,No,F
Male,No,F
Male,No,F
Male,No,F
Male,No,F
Male,No,F
Male,No,F
Male,No,F
Male,No,F
Male,No,F
Male,No,F
Male,No,F
Male,No,F
Male,No,F
Male,No,F
Male,No,F
Male,No,F
Male,No,F
Male,No,F
Male,No,F
Male,No,F
Male,No,F
Male,No,F
Male,No,F
Male,No,F
Male,No,F
Male,No,F
Male,No,F
Male,No,F
Male,No,F
Male,No,F
Male,No,F
Male,No,F
Male,No,F
Male,No,F
Male,No,F
Male,No,F
Male,No,F
Male,No,F
Male,No,F
Male,No,F
Male,No,F
Male,No,F
Male,No,F
Male,No,F
Male,No,F
Male,No,F
Male,No,F
Male,No,F
Male,No,F
Male,No,F
Male,No,F
Male,No,F
Male,No,F
Male,No,F
Male,No,F
Male,No,F
Male,No,F
Male,No,F
Male,No,F
Male,No,F
Male,No,F
Male,No,F
Male,No,F
Male,No,F
Male,No,F
Male,No,F
Male,No,F
Male,No,F
Male,No,F
Male,No,F
Male,No,F
Male,No,F
Male,No,F
Male,No,F
Male,No,F
Male,No,F
Male,No,F
Male,No,F
Male,No,F
Male,No,F
Male,No,F
Male,No,F
Male,No,F
Male,No,F
Male,No,F
Male,No,F
Male,No,F
Male,No,F
Male,No,F
Male,No,F
Male,No,F
Male,No,F
Male,No,F
Male,No,F
Male,No,F
Male,No,F
Male,No,F
Male,No,F
Male,No,F
Male,No,F
Male,No,F
Male,No,F
Male,No,F
Female,Yes,A
Female,Yes,A
Female,Yes,A
Female,Yes,A
Female,Yes,A
Female,Yes,A
Female,Yes,A
Female,Yes,A
Female,Yes,A
Female,Yes,A
Female,Yes,A
Female,Yes,A
Female,Yes,A
Female,Yes,A
Female,Yes,A
Female,Yes,A
Female,Yes,A
Female,Yes,A
Female,Yes,A
Female,Yes,A
Female,Yes,A
Female,Yes,A
Female,Yes,A
Female,Yes,A
Female,Yes,A
Female,Yes,A
Female,Yes,A
Female,Yes,A
Female,Yes,A
Female,Yes,A
Female,Yes,A
Female,Yes,A
Female,Yes,A
Female,Yes,A
Female,Yes,A
Female,Yes,A
Female,Yes,A
Female,Yes,A
Female,Yes,A
Female,Yes,A
Female,Yes,A
Female,Yes,A
Female,Yes,A
Female,Yes,A
Female,Yes,A
Female,Yes,A
Female,Yes,A
Female,Yes,A
Female,Yes,A
Female,Yes,A
Female,Yes,A
Female,Yes,A
Female,Yes,A
Female,Yes,A
Female,Yes,A
Female,Yes,A
Female,Yes,A
Female,Yes,A
Female,Yes,A
Female,Yes,A
Female,Yes,A
Female,Yes,A
Female,Yes,A
Female,Yes,A
Female,Yes,A
Female,Yes,A
Female,Yes,A
Female,Yes,A
Female,Yes,A
Female,Yes,A
Female,Yes,A
Female,Yes,A
Female,Yes,A
Female,Yes,A
Female,Yes,A
Female,Yes,A
Female,Yes,A
Female,Yes,A
Female,Yes,A
Female,Yes,A
Female,Yes,A
Female,Yes,A
Female,Yes,A
Female,Yes,A
Female,Yes,A
Female,Yes,A
Female,Yes,A
Female,Yes,A
Female,Yes,A
Female,No,A
Female,No,A
Female,No,A
Female,No,A
Female,No,A
Female,No,A
Female,No,A
Female,No,A
Female,No,A
Female,No,A
Female,No,A
Female,No,A
Female,No,A
Female,No,A
Female,No,A
Female,No,A
Female,No,A
Female,No,A
Female,No,A
Female,Yes,B
Female,Yes,B
Female,Yes,B
Female,Yes,B
Female,Yes,B
Female,Yes,B
Female,Yes,B
Female,Yes,B
Female,Yes,B
Female,Yes,B
Female,Yes,B
Female,Yes,B
Female,Yes,B
Female,Yes,B
Female,Yes,B
Female,Yes,B
Female,Yes,B
Female,No,B
Female,No,B
Female,No,B
Female,No,B
Female,No,B
Female,No,B
Female,No,B
Female,No,B
Female,Yes,C
Female,Yes,C
Female,Yes,C
Female,Yes,C
Female,Yes,C
Female,Yes,C
Female,Yes,C
Female,Yes,C
Female,Yes,C
Female,Yes,C
Female,Yes,C
Female,Yes,C
Female,Yes,C
Female,Yes,C
Female,Yes,C
Female,Yes,C
Female,Yes,C
Female,Yes,C
Female,Yes,C
Female,Yes,C
Female,Yes,C
Female,Yes,C
Female,Yes,C
Female,Yes,C
Female,Yes,C
Female,Yes,C
Female,Yes,C
Female,Yes,C
Female,Yes,C
Female,Yes,C
Female,Yes,C
Female,Yes,C
Female,Yes,C
Female,Yes,C
Female,Yes,C
Female,Yes,C
Female,Yes,C
Female,Yes,C
Female,Yes,C
Female,Yes,C
Female,Yes,C
Female,Yes,C
Female,Yes,C
Female,Yes,C
Female,Yes,C
Female,Yes,C
Female,Yes,C
Female,Yes,C
Female,Yes,C
Female,Yes,C
Female,Yes,C
Female,Yes,C
Female,Yes,C
Female,Yes,C
Female,Yes,C
Female,Yes,C
Female,Yes,C
Female,Yes,C
Female,Yes,C
Female,Yes,C
Female,Yes,C
Female,Yes,C
Female,Yes,C
Female,Yes,C
Female,Yes,C
Female,Yes,C
Female,Yes,C
Female,Yes,C
Female,Yes,C
Female,Yes,C
Female,Yes,C
Female,Yes,C
Female,Yes,C
Female,Yes,C
Female,Yes,C
Female,Yes,C
Female,Yes,C
Female,Yes,C
Female,Yes,C
Female,Yes,C
Female,Yes,C
Female,Yes,C
Female,Yes,C
Female,Yes,C
Female,Yes,C
Female,Yes,C
Female,Yes,C
Female,Yes,C
Female,Yes,C
Female,Yes,C
Female,Yes,C
Female,Yes,C
Female,Yes,C
Female,Yes,C
Female,Yes,C
Female,Yes,C
Female,Yes,C
Female,Yes,C
Female,Yes,C
Female,Yes,C
Female,Yes,C
Female,Yes,C
Female,Yes,C
Female,Yes,C
Female,Yes,C
Female,Yes,C
Female,Yes,C
Female,Yes,C
Female,Yes,C
Female,Yes,C
Female,Yes,C
Female,Yes,C
Female,Yes,C
Female,Yes,C
Female,Yes,C
Female,Yes,C
Female,Yes,C
Female,Yes,C
Female,Yes,C
Female,Yes,C
Female,Yes,C
Female,Yes,C
Female,Yes,C
Female,Yes,C
Female,Yes,C
Female,Yes,C
Female,Yes,C
Female,Yes,C
Female,Yes,C
Female,Yes,C
Female,Yes,C
Female,Yes,C
Female,Yes,C
Female,Yes,C
Female,Yes,C
Female,Yes,C
Female,Yes,C
Female,Yes,C
Female,Yes,C
Female,Yes,C
Female,Yes,C
Female,Yes,C
Female,Yes,C
Female,Yes,C
Female,Yes,C
Female,Yes,C
Female,Yes,C
Female,Yes,C
Female,Yes,C
Female,Yes,C
Female,Yes,C
Female,Yes,C
Female,Yes,C
Female,Yes,C
Female,Yes,C
Female,Yes,C
Female,Yes,C
Female,Yes,C
Female,Yes,C
Female,Yes,C
Female,Yes,C
Female,Yes,C
Female,Yes,C
Female,Yes,C
Female,Yes,C
Female,Yes,C
Female,Yes,C
Female,Yes,C
Female,Yes,C
Female,Yes,C
Female,Yes,C
Female,Yes,C
Female,Yes,C
Female,Yes,C
Female,Yes,C
Female,Yes,C
Female,Yes,C
Female,Yes,C
Female,Yes,C
Female,Yes,C
Female,Yes,C
Female,Yes,C
Female,Yes,C
Female,Yes,C
Female,Yes,C
Female,Yes,C
Female,Yes,C
Female,Yes,C
Female,Yes,C
Female,Yes,C
Female,Yes,C
Female,Yes,C
Female,Yes,C
Female,Yes,C
Female,Yes,C
Female,Yes,C
Female,Yes,C
Female,Yes,C
Female,Yes,C
Female,Yes,C
Female,Yes,C
Female,Yes,C
Female,No,C
Female,No,C
Female,No,C
Female,No,C
Female,No,C
Female,No,C
Female,No,C
Female,No,C
Female,No,C
Female,No,C
Female,No,C
Female,No,C
Female,No,C
Female,No,C
Female,No,C
Female,No,C
Female,No,C
Female,No,C
Female,No,C
Female,No,C
Female,No,C
Female,No,C
Female,No,C
Female,No,C
Female,No,C
Female,No,C
Female,No,C
Female,No,C
Female,No,C
Female,No,C
Female,No,C
Female,No,C
Female,No,C
Female,No,C
Female,No,C
Female,No,C
Female,No,C
Female,No,C
Female,No,C
Female,No,C
Female,No,C
Female,No,C
Female,No,C
Female,No,C
Female,No,C
Female,No,C
Female,No,C
Female,No,C
Female,No,C
Female,No,C
Female,No,C
Female,No,C
Female,No,C
Female,No,C
Female,No,C
Female,No,C
Female,No,C
Female,No,C
Female,No,C
Female,No,C
Female,No,C
Female,No,C
Female,No,C
Female,No,C
Female,No,C
Female,No,C
Female,No,C
Female,No,C
Female,No,C
Female,No,C
Female,No,C
Female,No,C
Female,No,C
Female,No,C
Female,No,C
Female,No,C
Female,No,C
Female,No,C
Female,No,C
Female,No,C
Female,No,C
Female,No,C
Female,No,C
Female,No,C
Female,No,C
Female,No,C
Female,No,C
Female,No,C
Female,No,C
Female,No,C
Female,No,C
Female,No,C
Female,No,C
Female,No,C
Female,No,C
Female,No,C
Female,No,C
Female,No,C
Female,No,C
Female,No,C
Female,No,C
Female,No,C
Female,No,C
Female,No,C
Female,No,C
Female,No,C
Female,No,C
Female,No,C
Female,No,C
Female,No,C
Female,No,C
Female,No,C
Female,No,C
Female,No,C
Female,No,C
Female,No,C
Female,No,C
Female,No,C
Female,No,C
Female,No,C
Female,No,C
Female,No,C
Female,No,C
Female,No,C
Female,No,C
Female,No,C
Female,No,C
Female,No,C
Female,No,C
Female,No,C
Female,No,C
Female,No,C
Female,No,C
Female,No,C
Female,No,C
Female,No,C
Female,No,C
Female,No,C
Female,No,C
Female,No,C
Female,No,C
Female,No,C
Female,No,C
Female,No,C
Female,No,C
Female,No,C
Female,No,C
Female,No,C
Female,No,C
Female,No,C
Female,No,C
Female,No,C
Female,No,C
Female,No,C
Female,No,C
Female,No,C
Female,No,C
Female,No,C
Female,No,C
Female,No,C
Female,No,C
Female,No,C
Female,No,C
Female,No,C
Female,No,C
Female,No,C
Female,No,C
Female,No,C
Female,No,C
Female,No,C
Female,No,C
Female,No,C
Female,No,C
Female,No,C
Female,No,C
Female,No,C
Female,No,C
Female,No,C
Female,No,C
Female,No,C
Female,No,C
Female,No,C
Female,No,C
Female,No,C
Female,No,C
Female,No,C
Female,No,C
Female,No,C
Female,No,C
Female,No,C
Female,No,C
Female,No,C
Female,No,C
Female,No,C
Female,No,C
Female,No,C
Female,No,C
Female,No,C
Female,No,C
Female,No,C
Female,No,C
Female,No,C
Female,No,C
Female,No,C
Female,No,C
Female,No,C
Female,No,C
Female,No,C
Female,No,C
Female,No,C
Female,No,C
Female,No,C
Female,No,C
Female,No,C
Female,No,C
Female,No,C
Female,No,C
Female,No,C
Female,No,C
Female,No,C
Female,No,C
Female,No,C
Female,No,C
Female,No,C
Female,No,C
Female,No,C
Female,No,C
Female,No,C
Female,No,C
Female,No,C
Female,No,C
Female,No,C
Female,No,C
Female,No,C
Female,No,C
Female,No,C
Female,No,C
Female,No,C
Female,No,C
Female,No,C
Female,No,C
Female,No,C
Female,No,C
Female,No,C
Female,No,C
Female,No,C
Female,No,C
Female,No,C
Female,No,C
Female,No,C
Female,No,C
Female,No,C
Female,No,C
Female,No,C
Female,No,C
Female,No,C
Female,No,C
Female,No,C
Female,No,C
Female,No,C
Female,No,C
Female,No,C
Female,No,C
Female,No,C
Female,No,C
Female,No,C
Female,No,C
Female,No,C
Female,No,C
Female,No,C
Female,No,C
Female,No,C
Female,No,C
Female,No,C
Female,No,C
Female,No,C
Female,No,C
Female,No,C
Female,No,C
Female,No,C
Female,No,C
Female,No,C
Female,No,C
Female,No,C
Female,No,C
Female,No,C
Female,No,C
Female,No,C
Female,No,C
Female,No,C
Female,No,C
Female,No,C
Female,No,C
Female,No,C
Female,No,C
Female,No,C
Female,No,C
Female,No,C
Female,No,C
Female,No,C
Female,No,C
Female,No,C
Female,No,C
Female,No,C
Female,No,C
Female,No,C
Female,No,C
Female,No,C
Female,No,C
Female,No,C
Female,No,C
Female,No,C
Female,No,C
Female,No,C
Female,No,C
Female,No,C
Female,No,C
Female,No,C
Female,No,C
Female,No,C
Female,No,C
Female,No,C
Female,No,C
Female,No,C
Female,No,C
Female,No,C
Female,No,C
Female,No,C
Female,No,C
Female,No,C
Female,No,C
Female,No,C
Female,No,C
Female,No,C
Female,No,C
Female,No,C
Female,No,C
Female,No,C
Female,No,C
Female,No,C
Female,No,C
Female,No,C
Female,No,C
Female,No,C
Female,No,C
Female,No,C
Female,No,C
Female,No,C
Female,No,C
Female,No,C
Female,No,C
Female,No,C
Female,No,C
Female,No,C
Female,No,C
Female,No,C
Female,No,C
Female,No,C
Female,No,C
Female,No,C
Female,No,C
Female,No,C
Female,No,C
Female,No,C
Female,No,C
Female,No,C
Female,No,C
Female,No,C
Female,No,C
Female,No,C
Female,No,C
Female,No,C
Female,No,C
Female,No,C
Female,No,C
Female,No,C
Female,No,C
Female,No,C
Female,No,C
Female,No,C
Female,No,C
Female,No,C
Female,No,C
Female,No,C
Female,No,C
Female,No,C
Female,No,C
Female,No,C
Female,No,C
Female,No,C
Female,No,C
Female,Yes,D
Female,Yes,D
Female,Yes,D
Female,Yes,D
Female,Yes,D
Female,Yes,D
Female,Yes,D
Female,Yes,D
Female,Yes,D
Female,Yes,D
Female,Yes,D
Female,Yes,D
Female,Yes,D
Female,Yes,D
Female,Yes,D
Female,Yes,D
Female,Yes,D
Female,Yes,D
Female,Yes,D
Female,Yes,D
Female,Yes,D
Female,Yes,D
Female,Yes,D
Female,Yes,D
Female,Yes,D
Female,Yes,D
Female,Yes,D
Female,Yes,D
Female,Yes,D
Female,Yes,D
Female,Yes,D
Female,Yes,D
Female,Yes,D
Female,Yes,D
Female,Yes,D
Female,Yes,D
Female,Yes,D
Female,Yes,D
Female,Yes,D
Female,Yes,D
Female,Yes,D
Female,Yes,D
Female,Yes,D
Female,Yes,D
Female,Yes,D
Female,Yes,D
Female,Yes,D
Female,Yes,D
Female,Yes,D
Female,Yes,D
Female,Yes,D
Female,Yes,D
Female,Yes,D
Female,Yes,D
Female,Yes,D
Female,Yes,D
Female,Yes,D
Female,Yes,D
Female,Yes,D
Female,Yes,D
Female,Yes,D
Female,Yes,D
Female,Yes,D
Female,Yes,D
Female,Yes,D
Female,Yes,D
Female,Yes,D
Female,Yes,D
Female,Yes,D
Female,Yes,D
Female,Yes,D
Female,Yes,D
Female,Yes,D
Female,Yes,D
Female,Yes,D
Female,Yes,D
Female,Yes,D
Female,Yes,D
Female,Yes,D
Female,Yes,D
Female,Yes,D
Female,Yes,D
Female,Yes,D
Female,Yes,D
Female,Yes,D
Female,Yes,D
Female,Yes,D
Female,Yes,D
Female,Yes,D
Female,Yes,D
Female,Yes,D
Female,Yes,D
Female,Yes,D
Female,Yes,D
Female,Yes,D
Female,Yes,D
Female,Yes,D
Female,Yes,D
Female,Yes,D
Female,Yes,D
Female,Yes,D
Female,Yes,D
Female,Yes,D
Female,Yes,D
Female,Yes,D
Female,Yes,D
Female,Yes,D
Female,Yes,D
Female,Yes,D
Female,Yes,D
Female,Yes,D
Female,Yes,D
Female,Yes,D
Female,Yes,D
Female,Yes,D
Female,Yes,D
Female,Yes,D
Female,Yes,D
Female,Yes,D
Female,Yes,D
Female,Yes,D
Female,Yes,D
Female,Yes,D
Female,Yes,D
Female,Yes,D
Female,Yes,D
Female,Yes,D
Female,Yes,D
Female,Yes,D
Female,Yes,D
Female,Yes,D
Female,No,D
Female,No,D
Female,No,D
Female,No,D
Female,No,D
Female,No,D
Female,No,D
Female,No,D
Female,No,D
Female,No,D
Female,No,D
Female,No,D
Female,No,D
Female,No,D
Female,No,D
Female,No,D
Female,No,D
Female,No,D
Female,No,D
Female,No,D
Female,No,D
Female,No,D
Female,No,D
Female,No,D
Female,No,D
Female,No,D
Female,No,D
Female,No,D
Female,No,D
Female,No,D
Female,No,D
Female,No,D
Female,No,D
Female,No,D
Female,No,D
Female,No,D
Female,No,D
Female,No,D
Female,No,D
Female,No,D
Female,No,D
Female,No,D
Female,No,D
Female,No,D
Female,No,D
Female,No,D
Female,No,D
Female,No,D
Female,No,D
Female,No,D
Female,No,D
Female,No,D
Female,No,D
Female,No,D
Female,No,D
Female,No,D
Female,No,D
Female,No,D
Female,No,D
Female,No,D
Female,No,D
Female,No,D
Female,No,D
Female,No,D
Female,No,D
Female,No,D
Female,No,D
Female,No,D
Female,No,D
Female,No,D
Female,No,D
Female,No,D
Female,No,D
Female,No,D
Female,No,D
Female,No,D
Female,No,D
Female,No,D
Female,No,D
Female,No,D
Female,No,D
Female,No,D
Female,No,D
Female,No,D
Female,No,D
Female,No,D
Female,No,D
Female,No,D
Female,No,D
Female,No,D
Female,No,D
Female,No,D
Female,No,D
Female,No,D
Female,No,D
Female,No,D
Female,No,D
Female,No,D
Female,No,D
Female,No,D
Female,No,D
Female,No,D
Female,No,D
Female,No,D
Female,No,D
Female,No,D
Female,No,D
Female,No,D
Female,No,D
Female,No,D
Female,No,D
Female,No,D
Female,No,D
Female,No,D
Female,No,D
Female,No,D
Female,No,D
Female,No,D
Female,No,D
Female,No,D
Female,No,D
Female,No,D
Female,No,D
Female,No,D
Female,No,D
Female,No,D
Female,No,D
Female,No,D
Female,No,D
Female,No,D
Female,No,D
Female,No,D
Female,No,D
Female,No,D
Female,No,D
Female,No,D
Female,No,D
Female,No,D
Female,No,D
Female,No,D
Female,No,D
Female,No,D
Female,No,D
Female,No,D
Female,No,D
Female,No,D
Female,No,D
Female,No,D
Female,No,D
Female,No,D
Female,No,D
Female,No,D
Female,No,D
Female,No,D
Female,No,D
Female,No,D
Female,No,D
Female,No,D
Female,No,D
Female,No,D
Female,No,D
Female,No,D
Female,No,D
Female,No,D
Female,No,D
Female,No,D
Female,No,D
Female,No,D
Female,No,D
Female,No,D
Female,No,D
Female,No,D
Female,No,D
Female,No,D
Female,No,D
Female,No,D
Female,No,D
Female,No,D
Female,No,D
Female,No,D
Female,No,D
Female,No,D
Female,No,D
Female,No,D
Female,No,D
Female,No,D
Female,No,D
Female,No,D
Female,No,D
Female,No,D
Female,No,D
Female,No,D
Female,No,D
Female,No,D
Female,No,D
Female,No,D
Female,No,D
Female,No,D
Female,No,D
Female,No,D
Female,No,D
Female,No,D
Female,No,D
Female,No,D
Female,No,D
Female,No,D
Female,No,D
Female,No,D
Female,No,D
Female,No,D
Female,No,D
Female,No,D
Female,No,D
Female,No,D
Female,No,D
Female,No,D
Female,No,D
Female,No,D
Female,No,D
Female,No,D
Female,No,D
Female,No,D
Female,No,D
Female,No,D
Female,No,D
Female,No,D
Female,No,D
Female,No,D
Female,No,D
Female,No,D
Female,No,D
Female,No,D
Female,No,D
Female,No,D
Female,No,D
Female,No,D
Female,No,D
Female,No,D
Female,No,D
Female,No,D
Female,No,D
Female,No,D
Female,No,D
Female,No,D
Female,Yes,E
Female,Yes,E
Female,Yes,E
Female,Yes,E
Female,Yes,E
Female,Yes,E
Female,Yes,E
Female,Yes,E
Female,Yes,E
Female,Yes,E
Female,Yes,E
Female,Yes,E
Female,Yes,E
Female,Yes,E
Female,Yes,E
Female,Yes,E
Female,Yes,E
Female,Yes,E
Female,Yes,E
Female,Yes,E
Female,Yes,E
Female,Yes,E
Female,Yes,E
Female,Yes,E
Female,Yes,E
Female,Yes,E
Female,Yes,E
Female,Yes,E
Female,Yes,E
Female,Yes,E
Female,Yes,E
Female,Yes,E
Female,Yes,E
Female,Yes,E
Female,Yes,E
Female,Yes,E
Female,Yes,E
Female,Yes,E
Female,Yes,E
Female,Yes,E
Female,Yes,E
Female,Yes,E
Female,Yes,E
Female,Yes,E
Female,Yes,E
Female,Yes,E
Female,Yes,E
Female,Yes,E
Female,Yes,E
Female,Yes,E
Female,Yes,E
Female,Yes,E
Female,Yes,E
Female,Yes,E
Female,Yes,E
Female,Yes,E
Female,Yes,E
Female,Yes,E
Female,Yes,E
Female,Yes,E
Female,Yes,E
Female,Yes,E
Female,Yes,E
Female,Yes,E
Female,Yes,E
Female,Yes,E
Female,Yes,E
Female,Yes,E
Female,Yes,E
Female,Yes,E
Female,Yes,E
Female,Yes,E
Female,Yes,E
Female,Yes,E
Female,Yes,E
Female,Yes,E
Female,Yes,E
Female,Yes,E
Female,Yes,E
Female,Yes,E
Female,Yes,E
Female,Yes,E
Female,Yes,E
Female,Yes,E
Female,Yes,E
Female,Yes,E
Female,Yes,E
Female,Yes,E
Female,Yes,E
Female,Yes,E
Female,Yes,E
Female,Yes,E
Female,Yes,E
Female,Yes,E
Female,No,E
Female,No,E
Female,No,E
Female,No,E
Female,No,E
Female,No,E
Female,No,E
Female,No,E
Female,No,E
Female,No,E
Female,No,E
Female,No,E
Female,No,E
Female,No,E
Female,No,E
Female,No,E
Female,No,E
Female,No,E
Female,No,E
Female,No,E
Female,No,E
Female,No,E
Female,No,E
Female,No,E
Female,No,E
Female,No,E
Female,No,E
Female,No,E
Female,No,E
Female,No,E
Female,No,E
Female,No,E
Female,No,E
Female,No,E
Female,No,E
Female,No,E
Female,No,E
Female,No,E
Female,No,E
Female,No,E
Female,No,E
Female,No,E
Female,No,E
Female,No,E
Female,No,E
Female,No,E
Female,No,E
Female,No,E
Female,No,E
Female,No,E
Female,No,E
Female,No,E
Female,No,E
Female,No,E
Female,No,E
Female,No,E
Female,No,E
Female,No,E
Female,No,E
Female,No,E
Female,No,E
Female,No,E
Female,No,E
Female,No,E
Female,No,E
Female,No,E
Female,No,E
Female,No,E
Female,No,E
Female,No,E
Female,No,E
Female,No,E
Female,No,E
Female,No,E
Female,No,E
Female,No,E
Female,No,E
Female,No,E
Female,No,E
Female,No,E
Female,No,E
Female,No,E
Female,No,E
Female,No,E
Female,No,E
Female,No,E
Female,No,E
Female,No,E
Female,No,E
Female,No,E
Female,No,E
Female,No,E
Female,No,E
Female,No,E
Female,No,E
Female,No,E
Female,No,E
Female,No,E
Female,No,E
Female,No,E
Female,No,E
Female,No,E
Female,No,E
Female,No,E
Female,No,E
Female,No,E
Female,No,E
Female,No,E
Female,No,E
Female,No,E
Female,No,E
Female,No,E
Female,No,E
Female,No,E
Female,No,E
Female,No,E
Female,No,E
Female,No,E
Female,No,E
Female,No,E
Female,No,E
Female,No,E
Female,No,E
Female,No,E
Female,No,E
Female,No,E
Female,No,E
Female,No,E
Female,No,E
Female,No,E
Female,No,E
Female,No,E
Female,No,E
Female,No,E
Female,No,E
Female,No,E
Female,No,E
Female,No,E
Female,No,E
Female,No,E
Female,No,E
Female,No,E
Female,No,E
Female,No,E
Female,No,E
Female,No,E
Female,No,E
Female,No,E
Female,No,E
Female,No,E
Female,No,E
Female,No,E
Female,No,E
Female,No,E
Female,No,E
Female,No,E
Female,No,E
Female,No,E
Female,No,E
Female,No,E
Female,No,E
Female,No,E
Female,No,E
Female,No,E
Female,No,E
Female,No,E
Female,No,E
Female,No,E
Female,No,E
Female,No,E
Female,No,E
Female,No,E
Female,No,E
Female,No,E
Female,No,E
Female,No,E
Female,No,E
Female,No,E
Female,No,E
Female,No,E
Female,No,E
Female,No,E
Female,No,E
Female,No,E
Female,No,E
Female,No,E
Female,No,E
Female,No,E
Female,No,E
Female,No,E
Female,No,E
Female,No,E
Female,No,E
Female,No,E
Female,No,E
Female,No,E
Female,No,E
Female,No,E
Female,No,E
Female,No,E
Female,No,E
Female,No,E
Female,No,E
Female,No,E
Female,No,E
Female,No,E
Female,No,E
Female,No,E
Female,No,E
Female,No,E
Female,No,E
Female,No,E
Female,No,E
Female,No,E
Female,No,E
Female,No,E
Female,No,E
Female,No,E
Female,No,E
Female,No,E
Female,No,E
Female,No,E
Female,No,E
Female,No,E
Female,No,E
Female,No,E
Female,No,E
Female,No,E
Female,No,E
Female,No,E
Female,No,E
Female,No,E
Female,No,E
Female,No,E
Female,No,E
Female,No,E
Female,No,E
Female,No,E
Female,No,E
Female,No,E
Female,No,E
Female,No,E
Female,No,E
Female,No,E
Female,No,E
Female,No,E
Female,No,E
Female,No,E
Female,No,E
Female,No,E
Female,No,E
Female,No,E
Female,No,E
Female,No,E
Female,No,E
Female,No,E
Female,No,E
Female,No,E
Female,No,E
Female,No,E
Female,No,E
Female,No,E
Female,No,E
Female,No,E
Female,No,E
Female,No,E
Female,No,E
Female,No,E
Female,No,E
Female,No,E
Female,No,E
Female,No,E
Female,No,E
Female,No,E
Female,No,E
Female,No,E
Female,No,E
Female,No,E
Female,No,E
Female,No,E
Female,No,E
Female,No,E
Female,No,E
Female,No,E
Female,No,E
Female,No,E
Female,No,E
Female,No,E
Female,No,E
Female,No,E
Female,No,E
Female,No,E
Female,No,E
Female,No,E
Female,No,E
Female,No,E
Female,No,E
Female,No,E
Female,No,E
Female,Yes,F
Female,Yes,F
Female,Yes,F
Female,Yes,F
Female,Yes,F
Female,Yes,F
Female,Yes,F
Female,Yes,F
Female,Yes,F
Female,Yes,F
Female,Yes,F
Female,Yes,F
Female,Yes,F
Female,Yes,F
Female,Yes,F
Female,Yes,F
Female,Yes,F
Female,Yes,F
Female,Yes,F
Female,Yes,F
Female,Yes,F
Female,Yes,F
Female,Yes,F
Female,Yes,F
Female,No,F
Female,No,F
Female,No,F
Female,No,F
Female,No,F
Female,No,F
Female,No,F
Female,No,F
Female,No,F
Female,No,F
Female,No,F
Female,No,F
Female,No,F
Female,No,F
Female,No,F
Female,No,F
Female,No,F
Female,No,F
Female,No,F
Female,No,F
Female,No,F
Female,No,F
Female,No,F
Female,No,F
Female,No,F
Female,No,F
Female,No,F
Female,No,F
Female,No,F
Female,No,F
Female,No,F
Female,No,F
Female,No,F
Female,No,F
Female,No,F
Female,No,F
Female,No,F
Female,No,F
Female,No,F
Female,No,F
Female,No,F
Female,No,F
Female,No,F
Female,No,F
Female,No,F
Female,No,F
Female,No,F
Female,No,F
Female,No,F
Female,No,F
Female,No,F
Female,No,F
Female,No,F
Female,No,F
Female,No,F
Female,No,F
Female,No,F
Female,No,F
Female,No,F
Female,No,F
Female,No,F
Female,No,F
Female,No,F
Female,No,F
Female,No,F
Female,No,F
Female,No,F
Female,No,F
Female,No,F
Female,No,F
Female,No,F
Female,No,F
Female,No,F
Female,No,F
Female,No,F
Female,No,F
Female,No,F
Female,No,F
Female,No,F
Female,No,F
Female,No,F
Female,No,F
Female,No,F
Female,No,F
Female,No,F
Female,No,F
Female,No,F
Female,No,F
Female,No,F
Female,No,F
Female,No,F
Female,No,F
Female,No,F
Female,No,F
Female,No,F
Female,No,F
Female,No,F
Female,No,F
Female,No,F
Female,No,F
Female,No,F
Female,No,F
Female,No,F
Female,No,F
Female,No,F
Female,No,F
Female,No,F
Female,No,F
Female,No,F
Female,No,F
Female,No,F
Female,No,F
Female,No,F
Female,No,F
Female,No,F
Female,No,F
Female,No,F
Female,No,F
Female,No,F
Female,No,F
Female,No,F
Female,No,F
Female,No,F
Female,No,F
Female,No,F
Female,No,F
Female,No,F
Female,No,F
Female,No,F
Female,No,F
Female,No,F
Female,No,F
Female,No,F
Female,No,F
Female,No,F
Female,No,F
Female,No,F
Female,No,F
Female,No,F
Female,No,F
Female,No,F
Female,No,F
Female,No,F
Female,No,F
Female,No,F
Female,No,F
Female,No,F
Female,No,F
Female,No,F
Female,No,F
Female,No,F
Female,No,F
Female,No,F
Female,No,F
Female,No,F
Female,No,F
Female,No,F
Female,No,F
Female,No,F
Female,No,F
Female,No,F
Female,No,F
Female,No,F
Female,No,F
Female,No,F
Female,No,F
Female,No,F
Female,No,F
Female,No,F
Female,No,F
Female,No,F
Female,No,F
Female,No,F
Female,No,F
Female,No,F
Female,No,F
Female,No,F
Female,No,F
Female,No,F
Female,No,F
Female,No,F
Female,No,F
Female,No,F
Female,No,F
Female,No,F
Female,No,F
Female,No,F
Female,No,F
Female,No,F
Female,No,F
Female,No,F
Female,No,F
Female,No,F
Female,No,F
Female,No,F
Female,No,F
Female,No,F
Female,No,F
Female,No,F
Female,No,F
Female,No,F
Female,No,F
Female,No,F
Female,No,F
Female,No,F
Female,No,F
Female,No,F
Female,No,F
Female,No,F
Female,No,F
Female,No,F
Female,No,F
Female,No,F
Female,No,F
Female,No,F
Female,No,F
Female,No,F
Female,No,F
Female,No,F
Female,No,F
Female,No,F
Female,No,F
Female,No,F
Female,No,F
Female,No,F
Female,No,F
Female,No,F
Female,No,F
Female,No,F
Female,No,F
Female,No,F
Female,No,F
Female,No,F
Female,No,F
Female,No,F
Female,No,F
Female,No,F
Female,No,F
Female,No,F
Female,No,F
Female,No,F
Female,No,F
Female,No,F
Female,No,F
Female,No,F
Female,No,F
Female,No,F
Female,No,F
Female,No,F
Female,No,F
Female,No,F
Female,No,F
Female,No,F
Female,No,F
Female,No,F
Female,No,F
Female,No,F
Female,No,F
Female,No,F
Female,No,F
Female,No,F
Female,No,F
Female,No,F
Female,No,F
Female,No,F
Female,No,F
Female,No,F
Female,No,F
Female,No,F
Female,No,F
Female,No,F
Female,No,F
Female,No,F
Female,No,F
Female,No,F
Female,No,F
Female,No,F
Female,No,F
Female,No,F
Female,No,F
Female,No,F
Female,No,F
Female,No,F
Female,No,F
Female,No,F
Female,No,F
Female,No,F
Female,No,F
Female,No,F
Female,No,F
Female,No,F
Female,No,F
Female,No,F
Female,No,F
Female,No,F
Female,No,F
Female,No,F
Female,No,F
Female,No,F
Female,No,F
Female,No,F
Female,No,F
Female,No,F
Female,No,F
Female,No,F
Female,No,F
Female,No,F
Female,No,F
Female,No,F
Female,No,F
Female,No,F
Female,No,F
Female,No,F
Female,No,F
Female,No,F
Female,No,F
Female,No,F